model,cv_precision_mean,cv_recall_mean,cv_f1_mean,cv_roc_auc_mean
logistic_regression,0.5292968157508526,0.7255274629468177,0.611672962636519,0.7377104494163667
random_forest,0.5441531976639963,0.600656785818076,0.5703921298020954,0.7325104433544963
gradient_boosting,0.5622755410850446,0.48655042138913107,0.5211521500769138,0.7245521793315183
hist_gradient_boosting,0.5295992794606826,0.5941819238593432,0.5595526905993438,0.7091096717140651
