metric,value
precision,0.5382165605095541
recall,0.728448275862069
f1_score,0.6190476190476191
roc_auc,0.7565183400946586
